ANNEE;FLUX;PAYS_DECLARANT;PAYS_PARTENAIRE;CODE_NC8;VALEUR_CAF_EUROS;MASSE_NETTE_KG;SOURCE
2015;import;FR;SA;27090090;3023450000;8443750000;DGDDI
2015;import;FR;RU;27090090;2618950000;7478750000;DGDDI
2015;import;FR;KZ;27090090;2512680000;6996250000;DGDDI
2015;import;FR;NG;27090090;1953210000;5307500000;DGDDI
2015;import;FR;NO;27090090;1684350000;4583750000;DGDDI
2015;import;FR;DZ;27090090;1182400000;3136250000;DGDDI
2015;import;FR;IQ;27090090;932150000;2653750000;DGDDI
2015;import;FR;AZ;27090090;813400000;2171250000;DGDDI
2015;import;FR;AO;27090090;684200000;1930000000;DGDDI
2015;import;FR;LY;27090090;631500000;1688750000;DGDDI
2015;import;FR;GB;27090090;629800000;1688750000;DGDDI
2015;import;FR;US;27090090;272450000;723750000;DGDDI
2015;import;FR;BR;27090090;264850000;723750000;DGDDI
2015;import;FR;AE;27090090;261200000;723750000;DGDDI
2016;import;FR;SA;27090090;2624500000;9378000000;DGDDI
2016;import;FR;KZ;27090090;2198400000;7815000000;DGDDI
2016;import;FR;RU;27090090;2084500000;7554500000;DGDDI
2016;import;FR;NG;27090090;1592300000;5470500000;DGDDI
2016;import;FR;NO;27090090;1473200000;5105800000;DGDDI
2016;import;FR;IQ;27090090;945800000;3386500000;DGDDI
2016;import;FR;DZ;27090090;912400000;3126000000;DGDDI
2016;import;FR;AZ;27090090;648200000;2188200000;DGDDI
2016;import;FR;AO;27090090;574100000;1979800000;DGDDI
2016;import;FR;GB;27090090;508400000;1719300000;DGDDI
2016;import;FR;LY;27090090;489300000;1667200000;DGDDI
2016;import;FR;US;27090090;342800000;1146200000;DGDDI
2016;import;FR;BR;27090090;228400000;781500000;DGDDI
2016;import;FR;AE;27090090;224200000;781500000;DGDDI
2017;import;FR;SA;27090090;3375600000;9316000000;DGDDI
2017;import;FR;KZ;27090090;3154800000;8658400000;DGDDI
2017;import;FR;RU;27090090;2789400000;7781600000;DGDDI
2017;import;FR;NG;27090090;2298500000;6137600000;DGDDI
2017;import;FR;NO;27090090;1874200000;5041600000;DGDDI
2017;import;FR;IQ;27090090;1389400000;3836000000;DGDDI
2017;import;FR;DZ;27090090;1195600000;3178400000;DGDDI
2017;import;FR;AZ;27090090;824100000;2192000000;DGDDI
2017;import;FR;US;27090090;732400000;1918000000;DGDDI
2017;import;FR;AO;27090090;714500000;1918000000;DGDDI
2017;import;FR;LY;27090090;628400000;1644000000;DGDDI
2017;import;FR;GB;27090090;615800000;1644000000;DGDDI
2017;import;FR;BR;27090090;375400000;986400000;DGDDI
2017;import;FR;AE;27090090;198200000;548000000;DGDDI
2018;import;FR;SA;27090090;4284500000;8679000000;DGDDI
2018;import;FR;KZ;27090090;4248600000;8521200000;DGDDI
2018;import;FR;RU;27090090;3521400000;7258800000;DGDDI
2018;import;FR;NG;27090090;3098500000;6049000000;DGDDI
2018;import;FR;NO;27090090;2348200000;4628800000;DGDDI
2018;import;FR;IQ;27090090;1748200000;3576800000;DGDDI
2018;import;FR;US;27090090;1684500000;3261200000;DGDDI
2018;import;FR;DZ;27090090;1412500000;2735200000;DGDDI
2018;import;FR;AZ;27090090;1024500000;1998800000;DGDDI
2018;import;FR;LY;27090090;804500000;1578000000;DGDDI
2018;import;FR;AO;27090090;832400000;1683200000;DGDDI
2018;import;FR;GB;27090090;668400000;1315000000;DGDDI
2018;import;FR;BR;27090090;412500000;789000000;DGDDI
2018;import;FR;AE;27090090;258200000;526000000;DGDDI
2019;import;FR;KZ;27090090;4145800000;8433600000;DGDDI
2019;import;FR;SA;27090090;3742500000;7630400000;DGDDI
2019;import;FR;RU;27090090;3248600000;6777000000;DGDDI
2019;import;FR;NG;27090090;2985400000;5923600000;DGDDI
2019;import;FR;US;27090090;2418600000;4769000000;DGDDI
2019;import;FR;NO;27090090;2145800000;4267000000;DGDDI
2019;import;FR;IQ;27090090;1584200000;3263000000;DGDDI
2019;import;FR;DZ;27090090;1284500000;2510000000;DGDDI
2019;import;FR;AZ;27090090;892400000;1757000000;DGDDI
2019;import;FR;AO;27090090;738500000;1506000000;DGDDI
2019;import;FR;LY;27090090;684500000;1355400000;DGDDI
2019;import;FR;GB;27090090;512400000;1004000000;DGDDI
2019;import;FR;BR;27090090;305400000;602400000;DGDDI
2019;import;FR;AE;27090090;202500000;401600000;DGDDI
2020;import;FR;KZ;27090090;1974500000;5822200000;DGDDI
2020;import;FR;SA;27090090;1785400000;5246750000;DGDDI
2020;import;FR;RU;27090090;1432500000;4332800000;DGDDI
2020;import;FR;US;27090090;1284500000;3655800000;DGDDI
2020;import;FR;NG;27090090;1295400000;3723500000;DGDDI
2020;import;FR;NO;27090090;1084200000;3114200000;DGDDI
2020;import;FR;IQ;27090090;702400000;2098700000;DGDDI
2020;import;FR;DZ;27090090;598500000;1692500000;DGDDI
2020;import;FR;AZ;27090090;384200000;1083200000;DGDDI
2020;import;FR;AO;27090090;318500000;947800000;DGDDI
2020;import;FR;LY;27090090;298400000;846250000;DGDDI
2020;import;FR;GB;27090090;214500000;609300000;DGDDI
2020;import;FR;BR;27090090;142500000;406200000;DGDDI
2020;import;FR;AE;27090090;98400000;270800000;DGDDI
2021;import;FR;KZ;27090090;2985400000;6273000000;DGDDI
2021;import;FR;SA;27090090;2598500000;5461200000;DGDDI
2021;import;FR;US;27090090;2412500000;4870800000;DGDDI
2021;import;FR;RU;27090090;2184500000;4612500000;DGDDI
2021;import;FR;NG;27090090;1912400000;3874500000;DGDDI
2021;import;FR;NO;27090090;1768400000;3616200000;DGDDI
2021;import;FR;IQ;27090090;1035400000;2214000000;DGDDI
2021;import;FR;DZ;27090090;884500000;1771200000;DGDDI
2021;import;FR;AZ;27090090;584200000;1180800000;DGDDI
2021;import;FR;AO;27090090;438500000;922500000;DGDDI
2021;import;FR;LY;27090090;451200000;922500000;DGDDI
2021;import;FR;GB;27090090;275400000;553500000;DGDDI
2021;import;FR;BR;27090090;218500000;442800000;DGDDI
2021;import;FR;AE;27090090;91200000;184500000;DGDDI
2022;import;FR;US;27090090;6124500000;8251000000;DGDDI
2022;import;FR;KZ;27090090;5284500000;7359000000;DGDDI
2022;import;FR;SA;27090090;4658200000;6467000000;DGDDI
2022;import;FR;NO;27090090;3795400000;5129000000;DGDDI
2022;import;FR;NG;27090090;3412500000;4549200000;DGDDI
2022;import;FR;IQ;27090090;2348500000;3345000000;DGDDI
2022;import;FR;RU;27090090;1684500000;2453000000;DGDDI
2022;import;FR;DZ;27090090;1542500000;2007000000;DGDDI
2022;import;FR;AZ;27090090;1184200000;1561000000;DGDDI
2022;import;FR;LY;27090090;1065400000;1427200000;DGDDI
2022;import;FR;AO;27090090;628500000;892000000;DGDDI
2022;import;FR;BR;27090090;482500000;669000000;DGDDI
2022;import;FR;GB;27090090;265400000;356800000;DGDDI
2022;import;FR;AE;27090090;98400000;133800000;DGDDI
2023;import;FR;US;27090090;6014500000;9180000000;DGDDI
2023;import;FR;KZ;27090090;4512400000;7140000000;DGDDI
2023;import;FR;SA;27090090;3548200000;5630400000;DGDDI
2023;import;FR;NO;27090090;3395400000;5222400000;DGDDI
2023;import;FR;NG;27090090;2645800000;3998400000;DGDDI
2023;import;FR;IQ;27090090;1984500000;3060000000;DGDDI
2023;import;FR;DZ;27090090;1425800000;2121600000;DGDDI
2023;import;FR;LY;27090090;1084500000;1632000000;DGDDI
2023;import;FR;AZ;27090090;848500000;1305600000;DGDDI
2023;import;FR;AO;27090090;468500000;734400000;DGDDI
2023;import;FR;BR;27090090;314200000;489600000;DGDDI
2023;import;FR;RU;27090090;48200000;81600000;DGDDI
2023;import;FR;GB;27090090;78500000;122400000;DGDDI
2023;import;FR;AE;27090090;52400000;81600000;DGDDI
2024;import;FR;US;27090090;5895400000;9259000000;DGDDI
2024;import;FR;KZ;27090090;4398500000;7013200000;DGDDI
2024;import;FR;NO;27090090;3312400000;5200800000;DGDDI
2024;import;FR;SA;27090090;3185400000;5122000000;DGDDI
2024;import;FR;NG;27090090;2412500000;3743000000;DGDDI
2024;import;FR;IQ;27090090;1785400000;2836800000;DGDDI
2024;import;FR;DZ;27090090;1295400000;1970000000;DGDDI
2024;import;FR;LY;27090090;1084500000;1654800000;DGDDI
2024;import;FR;AZ;27090090;812400000;1260800000;DGDDI
2024;import;FR;AO;27090090;395400000;630400000;DGDDI
2024;import;FR;BR;27090090;298500000;472800000;DGDDI
2024;import;FR;RU;27090090;18200000;39400000;DGDDI
2024;import;FR;GB;27090090;74500000;118200000;DGDDI
2024;import;FR;AE;27090090;49500000;78800000;DGDDI
2025;import;FR;US;27090090;5698500000;9365400000;DGDDI
2025;import;FR;KZ;27090090;4084500000;6811200000;DGDDI
2025;import;FR;NO;27090090;3184500000;5224500000;DGDDI
2025;import;FR;SA;27090090;2874500000;4837500000;DGDDI
2025;import;FR;NG;27090090;2185400000;3560400000;DGDDI
2025;import;FR;IQ;27090090;1624500000;2709000000;DGDDI
2025;import;FR;DZ;27090090;1215400000;1973700000;DGDDI
2025;import;FR;LY;27090090;1045800000;1702800000;DGDDI
2025;import;FR;AZ;27090090;745800000;1199700000;DGDDI
2025;import;FR;AO;27090090;354200000;580500000;DGDDI
2025;import;FR;BR;27090090;308500000;503100000;DGDDI
2025;import;FR;GB;27090090;98400000;154800000;DGDDI
2025;import;FR;AE;27090090;48500000;77400000;DGDDI
2026;import;FR;US;27090090;5584500000;9473600000;DGDDI
2026;import;FR;KZ;27090090;3945800000;6685000000;DGDDI
2026;import;FR;NO;27090090;3145800000;5271600000;DGDDI
2026;import;FR;SA;27090090;2712500000;4660400000;DGDDI
2026;import;FR;NG;27090090;2095400000;3438000000;DGDDI
2026;import;FR;IQ;27090090;1542500000;2597600000;DGDDI
2026;import;FR;DZ;27090090;1205400000;1986400000;DGDDI
2026;import;FR;LY;27090090;1048500000;1719000000;DGDDI
2026;import;FR;AZ;27090090;698500000;1146000000;DGDDI
2026;import;FR;AO;27090090;324500000;534800000;DGDDI
2026;import;FR;BR;27090090;301200000;496600000;DGDDI
2026;import;FR;GB;27090090;78500000;114600000;DGDDI
2026;import;FR;AE;27090090;45800000;76400000;DGDDI
