ANNEE;MOIS;FLUX;PAYS_DECLARANT;PAYS_PARTENAIRE;CODE_NC8;VALEUR_CAF_EUROS;MASSE_NETTE_KG;SOURCE
2024;1;import;FR;US;27090090;489500000;771500000;DGDDI
2024;1;import;FR;KZ;27090090;365400000;584400000;DGDDI
2024;1;import;FR;NO;27090090;274500000;433400000;DGDDI
2024;1;import;FR;SA;27090090;264500000;426800000;DGDDI
2024;1;import;FR;NG;27090090;201200000;311900000;DGDDI
2024;2;import;FR;US;27090090;492100000;768200000;DGDDI
2024;2;import;FR;KZ;27090090;371200000;589100000;DGDDI
2024;2;import;FR;NO;27090090;269800000;428500000;DGDDI
2024;2;import;FR;SA;27090090;258900000;421200000;DGDDI
2024;2;import;FR;NG;27090090;198500000;308400000;DGDDI
2024;3;import;FR;US;27090090;512400000;801500000;DGDDI
2024;3;import;FR;KZ;27090090;384500000;612400000;DGDDI
2024;3;import;FR;NO;27090090;289500000;456200000;DGDDI
2024;3;import;FR;SA;27090090;278400000;448500000;DGDDI
2024;3;import;FR;NG;27090090;212400000;328400000;DGDDI
2024;4;import;FR;US;27090090;508400000;798200000;DGDDI
2024;4;import;FR;KZ;27090090;379800000;605400000;DGDDI
2024;4;import;FR;NO;27090090;284500000;449500000;DGDDI
2024;4;import;FR;SA;27090090;271200000;439200000;DGDDI
2024;4;import;FR;NG;27090090;208400000;321500000;DGDDI
2024;5;import;FR;US;27090090;495400000;782400000;DGDDI
2024;5;import;FR;KZ;27090090;368500000;591200000;DGDDI
2024;5;import;FR;NO;27090090;276400000;438200000;DGDDI
2024;5;import;FR;SA;27090090;268400000;432500000;DGDDI
2024;5;import;FR;NG;27090090;199800000;314200000;DGDDI
2024;6;import;FR;US;27090090;504500000;795200000;DGDDI
2024;6;import;FR;KZ;27090090;375400000;601500000;DGDDI
2024;6;import;FR;NO;27090090;281200000;442800000;DGDDI
2024;6;import;FR;SA;27090090;272400000;437400000;DGDDI
2024;6;import;FR;NG;27090090;204500000;319800000;DGDDI
2024;7;import;FR;US;27090090;498500000;788400000;DGDDI
2024;7;import;FR;KZ;27090090;371200000;595400000;DGDDI
2024;7;import;FR;NO;27090090;279800000;439500000;DGDDI
2024;7;import;FR;SA;27090090;269500000;431800000;DGDDI
2024;7;import;FR;NG;27090090;202500000;316500000;DGDDI
2024;8;import;FR;US;27090090;488400000;774500000;DGDDI
2024;8;import;FR;KZ;27090090;364500000;586200000;DGDDI
2024;8;import;FR;NO;27090090;274500000;432800000;DGDDI
2024;8;import;FR;SA;27090090;264200000;425400000;DGDDI
2024;8;import;FR;NG;27090090;198400000;311200000;DGDDI
2024;9;import;FR;US;27090090;482500000;762500000;DGDDI
2024;9;import;FR;KZ;27090090;358900000;578400000;DGDDI
2024;9;import;FR;NO;27090090;271200000;427500000;DGDDI
2024;9;import;FR;SA;27090090;260500000;419500000;DGDDI
2024;9;import;FR;NG;27090090;195400000;306500000;DGDDI
2024;10;import;FR;US;27090090;475400000;751200000;DGDDI
2024;10;import;FR;KZ;27090090;352400000;569800000;DGDDI
2024;10;import;FR;NO;27090090;267400000;421500000;DGDDI
2024;10;import;FR;SA;27090090;257400000;414200000;DGDDI
2024;10;import;FR;NG;27090090;192500000;301800000;DGDDI
2024;11;import;FR;US;27090090;469500000;742500000;DGDDI
2024;11;import;FR;KZ;27090090;348500000;562400000;DGDDI
2024;11;import;FR;NO;27090090;264500000;416500000;DGDDI
2024;11;import;FR;SA;27090090;253400000;408500000;DGDDI
2024;11;import;FR;NG;27090090;189500000;297500000;DGDDI
2024;12;import;FR;US;27090090;478900000;757200000;DGDDI
2024;12;import;FR;KZ;27090090;354500000;572400000;DGDDI
2024;12;import;FR;NO;27090090;269200000;424500000;DGDDI
2024;12;import;FR;SA;27090090;258900000;416500000;DGDDI
2024;12;import;FR;NG;27090090;194200000;304500000;DGDDI
2025;1;import;FR;US;27090090;482400000;791200000;DGDDI
2025;1;import;FR;KZ;27090090;348500000;578400000;DGDDI
2025;1;import;FR;NO;27090090;269500000;441200000;DGDDI
2025;1;import;FR;SA;27090090;245800000;412500000;DGDDI
2025;1;import;FR;NG;27090090;184500000;302500000;DGDDI
2025;2;import;FR;US;27090090;475400000;782400000;DGDDI
2025;2;import;FR;KZ;27090090;341200000;569500000;DGDDI
2025;2;import;FR;NO;27090090;264200000;434500000;DGDDI
2025;2;import;FR;SA;27090090;239800000;405400000;DGDDI
2025;2;import;FR;NG;27090090;181200000;297400000;DGDDI
2025;3;import;FR;US;27090090;488500000;802500000;DGDDI
2025;3;import;FR;KZ;27090090;351200000;584500000;DGDDI
2025;3;import;FR;NO;27090090;273400000;449500000;DGDDI
2025;3;import;FR;SA;27090090;247500000;416500000;DGDDI
2025;3;import;FR;NG;27090090;188400000;308500000;DGDDI
2025;4;import;FR;US;27090090;471200000;775400000;DGDDI
2025;4;import;FR;KZ;27090090;339800000;565400000;DGDDI
2025;4;import;FR;NO;27090090;263500000;432800000;DGDDI
2025;4;import;FR;SA;27090090;238400000;401500000;DGDDI
2025;4;import;FR;NG;27090090;180500000;295400000;DGDDI
2025;5;import;FR;US;27090090;479500000;789500000;DGDDI
2025;5;import;FR;KZ;27090090;345200000;574200000;DGDDI
2025;5;import;FR;NO;27090090;268400000;441500000;DGDDI
2025;5;import;FR;SA;27090090;242500000;408400000;DGDDI
2025;5;import;FR;NG;27090090;184200000;301200000;DGDDI
2025;6;import;FR;US;27090090;485400000;798400000;DGDDI
2025;6;import;FR;KZ;27090090;349800000;581500000;DGDDI
2025;6;import;FR;NO;27090090;271500000;446200000;DGDDI
2025;6;import;FR;SA;27090090;245400000;412800000;DGDDI
2025;6;import;FR;NG;27090090;186500000;305400000;DGDDI
2025;7;import;FR;US;27090090;481200000;792500000;DGDDI
2025;7;import;FR;KZ;27090090;346500000;576400000;DGDDI
2025;7;import;FR;NO;27090090;269500000;442500000;DGDDI
2025;7;import;FR;SA;27090090;243500000;409500000;DGDDI
2025;7;import;FR;NG;27090090;185400000;303500000;DGDDI
2025;8;import;FR;US;27090090;472500000;778400000;DGDDI
2025;8;import;FR;KZ;27090090;340500000;567500000;DGDDI
2025;8;import;FR;NO;27090090;264500000;435400000;DGDDI
2025;8;import;FR;SA;27090090;239500000;402500000;DGDDI
2025;8;import;FR;NG;27090090;182400000;298500000;DGDDI
2025;9;import;FR;US;27090090;468500000;771200000;DGDDI
2025;9;import;FR;KZ;27090090;337500000;562500000;DGDDI
2025;9;import;FR;NO;27090090;261500000;431200000;DGDDI
2025;9;import;FR;SA;27090090;236500000;398400000;DGDDI
2025;9;import;FR;NG;27090090;180200000;295400000;DGDDI
2025;10;import;FR;US;27090090;462500000;762500000;DGDDI
2025;10;import;FR;KZ;27090090;332500000;554500000;DGDDI
2025;10;import;FR;NO;27090090;258500000;426500000;DGDDI
2025;10;import;FR;SA;27090090;233500000;393500000;DGDDI
2025;10;import;FR;NG;27090090;178500000;291500000;DGDDI
2025;11;import;FR;US;27090090;458500000;756500000;DGDDI
2025;11;import;FR;KZ;27090090;329500000;549500000;DGDDI
2025;11;import;FR;NO;27090090;255500000;421500000;DGDDI
2025;11;import;FR;SA;27090090;230500000;388500000;DGDDI
2025;11;import;FR;NG;27090090;175500000;287500000;DGDDI
2025;12;import;FR;US;27090090;468900000;771200000;DGDDI
2025;12;import;FR;KZ;27090090;337500000;561500000;DGDDI
2025;12;import;FR;NO;27090090;261500000;430500000;DGDDI
2025;12;import;FR;SA;27090090;235800000;397500000;DGDDI
2025;12;import;FR;NG;27090090;179800000;294200000;DGDDI
2026;1;import;FR;US;27090090;475400000;804500000;DGDDI
2026;1;import;FR;KZ;27090090;338500000;572400000;DGDDI
2026;1;import;FR;NO;27090090;268500000;450200000;DGDDI
2026;1;import;FR;SA;27090090;231200000;398500000;DGDDI
2026;1;import;FR;NG;27090090;178500000;293500000;DGDDI
2026;2;import;FR;US;27090090;468500000;794500000;DGDDI
2026;2;import;FR;KZ;27090090;332500000;563500000;DGDDI
2026;2;import;FR;NO;27090090;264200000;443500000;DGDDI
2026;2;import;FR;SA;27090090;227500000;392500000;DGDDI
2026;2;import;FR;NG;27090090;175500000;289500000;DGDDI
2026;3;import;FR;US;27090090;482500000;817500000;DGDDI
2026;3;import;FR;KZ;27090090;342500000;579500000;DGDDI
2026;3;import;FR;NO;27090090;272500000;457500000;DGDDI
2026;3;import;FR;SA;27090090;234500000;403500000;DGDDI
2026;3;import;FR;NG;27090090;181500000;298500000;DGDDI
2026;4;import;FR;US;27090090;465400000;789500000;DGDDI
2026;4;import;FR;KZ;27090090;329500000;558500000;DGDDI
2026;4;import;FR;NO;27090090;262500000;441500000;DGDDI
2026;4;import;FR;SA;27090090;225500000;388500000;DGDDI
2026;4;import;FR;NG;27090090;174500000;287500000;DGDDI
2026;5;import;FR;US;27090090;472500000;801500000;DGDDI
2026;5;import;FR;KZ;27090090;334500000;567500000;DGDDI
2026;5;import;FR;NO;27090090;266500000;448500000;DGDDI
2026;5;import;FR;SA;27090090;229500000;394500000;DGDDI
2026;5;import;FR;NG;27090090;177500000;292500000;DGDDI
2026;6;import;FR;US;27090090;478500000;811500000;DGDDI
2026;6;import;FR;KZ;27090090;338500000;574500000;DGDDI
2026;6;import;FR;NO;27090090;269500000;453500000;DGDDI
2026;6;import;FR;SA;27090090;232500000;399500000;DGDDI
2026;6;import;FR;NG;27090090;179500000;296500000;DGDDI
