ANNEE;CODE_PORT;NOM_PORT;VOLUME_RECEPTION_TONNES;OPERATEUR;SOURCE
2015;FRFOS;Fos-sur-Mer / Lavéra;25800000;Grand Port Maritime de Marseille;SDES
2015;FRLEH;Le Havre - Antifer;14200000;HAROPA Port / CIM;SDES
2015;FRDNG;Donges;6900000;Nantes Saint-Nazaire;SDES
2015;FRDKK;Dunkerque;1350000;Grand Port Maritime de Dunkerque;SDES
2020;FRFOS;Fos-sur-Mer / Lavéra;18400000;Grand Port Maritime de Marseille;SDES
2020;FRLEH;Le Havre - Antifer;9800000;HAROPA Port / CIM;SDES
2020;FRDNG;Donges;4700000;Nantes Saint-Nazaire;SDES
2020;FRDKK;Dunkerque;950000;Grand Port Maritime de Dunkerque;SDES
2022;FRFOS;Fos-sur-Mer / Lavéra;23900000;Grand Port Maritime de Marseille;SDES
2022;FRLEH;Le Havre - Antifer;13100000;HAROPA Port / CIM;SDES
2022;FRDNG;Donges;6500000;Nantes Saint-Nazaire;SDES
2022;FRDKK;Dunkerque;1100000;Grand Port Maritime de Dunkerque;SDES
2024;FRFOS;Fos-sur-Mer / Lavéra;21200000;Grand Port Maritime de Marseille;SDES
2024;FRLEH;Le Havre - Antifer;11900000;HAROPA Port / CIM;SDES
2024;FRDNG;Donges;5400000;Nantes Saint-Nazaire;SDES
2024;FRDKK;Dunkerque;900000;Grand Port Maritime de Dunkerque;SDES
2025;FRFOS;Fos-sur-Mer / Lavéra;20800000;Grand Port Maritime de Marseille;SDES
2025;FRLEH;Le Havre - Antifer;11700000;HAROPA Port / CIM;SDES
2025;FRDNG;Donges;5300000;Nantes Saint-Nazaire;SDES
2025;FRDKK;Dunkerque;900000;Grand Port Maritime de Dunkerque;SDES
